{
    "accBias": [
        0.032498,
        0.041423,
        0.169830
    ],
    "accFactor": [
        9.762894,
        9.879016,
        9.883920
    ]
}